EZ,43,100,1,0,1,0,6,f,0,p,0,v,x,5,0,0,1,1,yippee
AY,14,100,0,0,0,6,0,f,0,o,0,a,x,4,0,0,0,0,
SB,6,100,0,0,0,5,0,f,14.6,a,0,a,x,3,0,0,0,1,Amp only would be helpful
EZ,18,100,0,0,0,0,7,f,0,p,0,v,x,4,0,0,1,1,"very consistent, good cycles, drive a bit iffy"
AD,23,100,0,0,1,0,6,f,0,o,0,a,x,3,0,0,0,1,
HS,33,100,1,0,3,4,2,x,0,s,0,v,g,5,0,0,0,1,fast amp cycle- would make good alliance prtner
AY,40,100,1,0,1,5,0,b,0,x,0,v,x,4,0,0,0,1,
mg,61,100,0,0,0,0,4,f,0,x,0,a,x,3,0,0,0,0,driving was a bit awkward
HS,4,192,0,0,1,2,2,f,0,o,0,a,g,3,0,0,0,1,nice cycle time- quite durable
SB,10,192,0,0,0,2,2,x,0,x,0,x,e,3,0,0,0,1,Very good defense but not many points 
EZ,31,192,1,0,0,0,0,f,9.1,o,0,a,x,3,0,0,1,0,not very good at scoring
Mk,36,192,0,0,0,0,2,f,0,a,0,n,a,2,0,0,0,0,
Mk,53,192,0,0,0,1,0,f,0,o,0,n,b,3,0,0,0,0,
mj,44,192,0,0,0,2,0,f,0,a,0,a,x,1,0,0,1,0,
SB,63,192,0,0,1,3,1,f,0,a,0,a,x,1,0,0,0,0,Very slow robot
SB,70,192,1,0,0,3,0,f,0,x,0,a,g,4,1,0,0,0,Good defence but not does after ramming
AD,77,192,0,0,0,4,0,s,0,x,0,a,x,3,0,0,0,0,
AL,1,253,1,0,0,1,0,s,0,o,0,a,g,3,0,0,1,0,"Missed amp a few times, driving not that great"
DU,8,253,0,0,0,0,0,x,0,x,0,x,x,3,1,0,0,0,Moved backwards a bit last 10 seconds of teleop.
AK,18,253,1,0,0,3,0,s,0,x,0,a,x,2,0,0,0,0,
BE,33,253,1,0,0,0,2,f,0,p,1,n,a,2,0,0,0,0,
TD,42,253,0,0,0,2,0,s,0,o,0,a,x,3,0,0,0,0,
EZ,53,253,0,0,0,1,0,s,2.4,o,0,a,x,3,0,0,0,0,shuttle bot.
Sp,62,253,1,0,0,2,0,s,9.3,o,0,a,b,3,0,0,0,0,
AS,4,581,1,0,1,0,9,f,3.3,o,1,v,x,5,0,0,0,1,"High accuracy shooter, quick cycle time, quick intake "
HS,19,581,1,0,1,0,5,x,0,o,0,v,e,5,0,0,0,1,excellent cycle time and great driving/durability
TD,29,581,0,0,4,1,4,f,0,a,0,v,x,5,0,0,0,1,Almost got note in trap and ontage.
EZ,51,581,0,0,4,0,6,f,3.4,o,1,v,x,5,0,0,1,1,yes yes yes.
AD,69,581,0,0,3,1,1,f,10.2,o,0,v,e,5,0,0,0,1,
TD,72,581,0,0,3,0,7,f,0,o,1,v,x,5,0,0,0,1,
Mk,5,604,0,0,3,8,0,f,0,a,0,v,a,4,0,0,0,1,
AY,13,604,0,0,4,0,14,b,0,p,0,v,x,5,0,0,0,1,
AK,20,604,0,0,4,2,5,x,0,p,0,v,x,5,0,0,0,0,
AK,34,604,0,0,1,7,5,x,0,o,0,v,x,5,0,0,0,0,
AK,34,604,0,0,1,7,5,x,0,o,0,v,x,5,0,0,0,0,
AD,40,604,0,0,1,1,9,b,13.3,x,0,a,a,3,0,0,0,0,
AD,44,604,0,0,4,1,12,f,0,x,0,v,a,5,0,0,0,1,Best team so far
EZ,50,604,0,0,4,0,11,f,0,x,0,v,x,5,0,0,0,1,yes.
DU,62,604,0,0,0,0,0,x,0,o,0,a,g,4,0,0,0,1,"Note got stuck in their mech, played defense whole game"
SB,73,604,0,0,2,5,0,f,0,x,0,a,x,4,0,0,0,1,Auto did not work and was not driving correctly 
AK,3,668,0,0,0,0,7,x,2.3,h,0,v,a,4,0,0,0,0,
TD,15,668,0,0,0,1,1,f,7.4,a,0,a,x,3,0,0,1,0,
sc,26,668,0,0,1,0,3,f,0,a,0,n,x,4,0,0,0,0,missed 5 in a row. klay type shit
mj,30,668,0,0,0,0,7,f,0,o,0,v,x,5,0,0,0,1,
Ag,40,668,0,0,0,0,7,s,0,o,0,v,a,3,0,0,0,0,
sc,40,668,0,0,0,0,3,f,0,o,0,x,x,3,0,0,0,0,
SB,45,668,0,0,0,0,2,f,0,p,0,a,g,4,0,0,0,0,Not very good driver control
sc,40,668,0,0,0,0,3,f,0,o,0,x,x,3,0,0,0,0,
AS,54,668,0,0,0,0,3,f,0,x,0,a,b,4,0,0,0,0,Got note stuck in intake midway and was defnse for rest
mj,30,668,0,0,0,0,7,f,0,o,0,v,x,5,0,0,0,1,
SP,8,668,0,0,1,0,6,f,0,x,0,a,b,3,0,0,1,0,
Ag,40,668,0,0,0,0,7,s,0,o,0,v,a,3,0,0,0,0,
BK,57,668,0,0,0,0,6,s,0,o,0,a,x,2,0,0,0,0,
AD,65,668,0,0,1,0,4,b,3.3,o,0,a,g,3,0,0,0,1,Pretty good but got note stuck near the end
AK,5,670,0,0,0,4,6,x,0,x,0,v,x,5,0,0,0,1,
mj,11,670,1,1,0,3,1,f,0,p,0,a,x,4,0,0,0,1,
AK,19,670,1,0,0,4,2,b,0,x,0,v,a,5,0,0,0,0,
DU,22,670,0,0,0,2,2,b,0,x,0,a,x,5,0,0,0,1,
SB,46,670,0,0,1,3,1,f,7.2,a,0,a,x,5,0,0,0,1,Can do both amp and floor.
Mk,51,670,0,0,0,1,4,f,0,x,0,a,x,4,1,0,0,0,"Made a comeback, but still lost"
AD,61,670,0,0,0,7,5,f,0,x,0,v,x,5,0,0,0,1,
TD,69,670,0,0,0,4,2,f,0,p,0,v,x,5,0,0,1,0,
BE,74,670,1,1,0,0,8,f,0,p,0,a,g,4,0,0,0,1,
EZ,1,841,1,0,0,0,11,f,0,p,0,v,x,5,0,0,1,1,"very good ground pickup, cycle time, success rate"
AS,16,841,1,0,1,0,1,f,0,x,0,n,a,3,0,0,0,0,"Note stuck in robot, didn’t get it out"
sc,13,841,0,0,1,0,2,f,0,x,0,n,x,3,0,0,0,0,
AD,41,841,0,0,2,0,5,f,0,x,0,a,g,3,0,0,0,1,
SB,47,841,0,0,0,0,14,f,7.7,o,0,v,x,5,0,0,0,1,Extremely good tele op
BK,55,841,0,0,0,0,6,b,0,a,0,a,x,3,0,0,1,0,Missed 3-4 speakers and was hogging the area
DU,63,841,0,0,2,0,4,f,0,o,0,a,a,4,0,0,0,1,Missed some speaker shots. Note got stuck halfway in.
EZ,66,841,0,0,3,0,7,f,0,x,0,v,x,4,0,0,1,1,good speaker for melody
EZ,4,972,0,0,0,0,1,f,0,p,0,a,x,3,0,0,1,0,not super effective
SB,25,972,0,0,1,0,6,f,0,o,0,v,x,4,0,1,H really got tele op,,
AK,31,972,0,0,1,7,0,x,0,x,0,x,x,3,0,0,0,0,
AK,31,972,0,0,1,7,0,x,0,x,0,x,x,3,0,0,0,0,
AY,41,972,0,0,0,5,0,b,0,o,0,v,x,5,0,0,0,1,
sc,49,972,0,0,1,4,0,x,0,o,0,v,x,3,0,0,0,0,good amp
Mk,54,972,1,0,0,3,2,f,0,x,0,v,x,3,0,0,0,1,
mg,57,972,0,0,0,0,7,f,0,p,0,a,x,3,0,0,0,0,Got a note stuck under them
AS,57,972,0,0,1,0,7,f,0,x,0,a,x,4,0,0,0,0,
Ps,64,972,1,0,1,2,2,b,0,x,0,a,g,4,0,0,0,0,
gc,12,987,0,0,2,0,6,b,0,o,0,v,g,5,0,0,0,1,"attempted note in trap, also not very accurate but fast"
DU,21,987,0,0,1,2,4,b,0,x,0,a,x,5,0,0,0,1,About 60% accuracy for speaker
Ag,37,987,0,0,1,2,6,b,22.2,x,0,v,a,4,0,0,0,0,
AD,45,987,1,0,1,4,3,x,0,x,0,a,x,4,0,0,0,1,good not that accurate though
mj,51,987,0,0,1,0,3,x,6.4,o,0,v,x,5,0,0,0,1,10/10
SP,6,987,1,1,3,2,7,f,0,x,0,v,x,4,0,0,0,1,
Ag,45,987,0,0,1,3,3,b,0,x,0,n,x,3,0,0,1,0,
TD,66,987,1,0,3,0,4,s,0,p,0,v,x,5,0,0,1,1,
AL,3,1351,0,0,0,4,1,b,0,a,0,a,a,4,0,0,0,0,"Note fell out of intake a couple of times, amp = good"
TD,13,1351,0,0,1,5,0,f,0,x,0,a,a,4,0,0,0,1,
gc,42,1351,0,0,1,3,4,f,6.7,o,0,v,a,4,0,0,0,1,accurate and frequent scoring :)
DU,45,1351,0,0,2,5,1,f,0,o,0,a,x,4,0,0,0,1,Very consistent amp
EZ,54,1351,1,0,0,2,1,f,0,x,0,a,x,3,1,0,0,0,not very good at scoring
Sp,61,1351,0,0,2,0,6,x,5,o,0,n,b,3,0,0,0,0,
TD,12,1678,1,0,2,4,1,s,0.8,o,1,v,x,5,0,0,0,1,
SB,7,1678,1,0,1,0,10,x,0,o,0,v,x,5,0,0,0,1,Very good tele op but auto is not reliable
HS,20,1678,1,0,3,6,5,x,0,o,1,v,e,5,0,0,0,1,they're first what more do I say
mj,26,1678,0,0,3,0,9,x,0,o,1,v,x,5,0,0,0,1,very good at speaker and offense
HS,35,1678,0,0,4,5,5,x,0,o,1,v,e,5,0,0,0,1,
AK,39,1678,0,0,3,4,8,x,0,p,0,v,x,5,0,0,0,0,
Ag,46,1678,1,0,3,2,6,b,0,o,1,v,a,5,0,0,0,1,
Ag,53,1678,0,0,5,1,8,x,0,o,0,v,g,5,0,0,0,1,
AL,57,1678,0,0,3,2,5,f,0,o,1,v,g,5,0,0,0,1,I mean its Citrus so
EZ,69,1678,1,0,3,0,3,f,2.8,o,0,v,x,5,0,0,0,1,
DU,6,1868,0,0,0,0,0,x,0,x,0,x,x,1,1,0,0,0,Disabled did not move entire game including auto.
Mk,17,1868,0,0,0,0,2,f,0,p,0,a,b,4,1,0,0,1,
AY,30,1868,1,0,0,0,0,f,0,a,0,v,e,4,0,0,0,0,note kept getting stuck in intake so they played defens
EZ,39,1868,0,0,0,0,8,f,0,p,0,v,x,4,0,0,1,1,got over their connection issues
gc,43,1868,0,0,0,0,0,f,0,x,0,a,x,4,0,0,0,0,"mech was not working, could pick up but did not score"
MG,56,1868,0,0,0,0,7,f,0,x,0,a,x,3,0,0,0,0,their auto failed and they shot a note off the field 
AS,56,1868,0,0,1,0,6,f,0,x,0,a,x,4,0,0,0,0,
SB,62,1868,1,0,0,0,4,f,0,p,0,n,x,5,0,0,0,0,Driver is not very good but mech and software is good
SE,66,1868,1,0,1,0,1,f,2.8,a,0,v,e,3,0,0,0,0,Very good defense
TD,73,1868,0,0,0,0,6,b,0,x,0,a,x,3,0,0,0,0,
AK,4,1967,0,0,0,0,3,f,2.1,o,0,a,a,3,0,0,0,0,
gc,13,1967,0,0,1,0,2,f,0,a,0,n,b,1,0,1,0,0,seemed like mech broke?
AS,19,1967,0,0,1,0,0,x,2.8,o,0,n,x,3,0,0,0,0,"Missed three notes at source, forced to defense"
sc,30,1967,0,0,1,0,8,f,0,o,0,v,x,4,0,0,0,1,damn consistent
Ag,38,1967,0,0,0,0,7,b,0,a,0,a,g,3,0,0,0,0,
BE,48,1967,0,0,1,0,3,x,0,x,0,x,x,3,0,0,0,0,
HS,52,1967,0,0,0,0,3,x,0,a,0,v,g,4,0,0,0,0,pretty good- missed speaker often
Ag,38,1967,0,0,0,0,7,b,0,a,0,a,g,3,0,0,0,0,
AL,59,1967,0,0,0,0,7,x,0,a,0,v,g,4,0,0,0,1,Complements our bt ell
TD,68,1967,0,0,0,0,6,x,0,p,0,a,x,3,0,0,1,0,
AS,2,2035,0,0,1,0,0,f,0,x,0,n,x,4,1,0,0,0,
sc,12,2035,0,0,0,0,0,x,0,x,0,v,e,3,0,0,0,0,def only
AL,18,2035,0,0,0,0,0,x,0,x,0,x,x,3,0,0,0,0,"Did not work well, moved but could not intake"
HS,31,2035,0,0,0,0,0,x,0,x,0,a,a,3,0,0,1,0,had a dropped note on it for most of the time
gc,40,2035,0,0,0,0,0,x,0,x,0,n,x,1,0,0,0,0,didnt ally do anything
sc,47,2035,0,0,0,0,0,x,0,x,0,x,b,1,0,0,0,0,mech does not worky worky
AD,63,2035,0,0,1,0,0,f,0,p,0,n,b,2,0,0,0,0,floor intake ddit. work tried a long time and defended
AS,3,2073,1,0,2,0,7,f,0,x,0,a,x,4,0,0,0,0,Consistent shots
Ps,9,2073,0,1,0,0,0,x,0,x,0,a,e,3,0,0,0,0,
EZ,16,2073,1,0,1,1,0,f,4.5,o,0,a,x,4,0,0,1,0,a little slow bc it stops moving sometimes
AD,25,2073,0,0,0,5,0,x,0,o,0,a,x,4,0,0,0,1,
EZ,38,2073,0,0,1,2,0,f,4.2,o,0,v,a,5,0,0,0,1,"pretty consistent, note got stuck in mech"
AD,43,2073,0,0,0,3,2,b,0,x,0,v,x,4,0,0,0,1,
AD,25,2073,0,0,0,5,0,x,0,o,0,a,x,4,0,0,0,1,
HS,50,2073,0,0,2,3,1,x,0,x,0,a,x,4,0,0,0,1,pretty good- missed speaker often
Sp,63,2073,1,0,2,0,4,x,6.1,o,0,a,a,3,0,0,0,0,
AY,69,2073,0,0,0,0,5,s,0,o,0,v,x,5,0,0,0,1,
AL,4,2288,0,0,2,4,1,f,0,x,0,a,g,4,0,0,0,0,"Amp and speaker consistent, driving a little ineffectiv"
DU,9,2288,0,0,0,4,1,f,0,x,0,a,a,4,0,0,0,1,missed auto but 80% consistent
AY,15,2288,1,0,0,0,3,b,0,s,0,a,x,3,0,0,0,0,
BE,32,2288,1,0,1,4,0,f,0,p,0,a,g,4,0,0,0,1,
Ag,39,2288,0,0,0,0,1,b,0,x,0,n,a,3,1,0,1,0,
TD,43,2288,1,0,1,0,7,f,0,p,0,v,x,5,0,0,0,0,
EZ,52,2288,1,0,1,0,9,f,0,x,0,v,x,4,0,0,0,1,good cycles.
Ag,39,2288,0,0,0,0,1,b,0,x,0,n,a,3,1,0,1,0,
DU,75,2288,0,0,2,0,7,f,0,p,0,v,x,4,0,0,0,1,Dropped one note missed a few
AL,2,2367,0,0,1,2,1,f,0,s,0,n,a,2,0,0,0,0,"Pretty slow, speaker and amp inconsistent. Driver ineff"
DU,10,2367,0,0,1,3,0,f,3.7,o,0,a,x,2,0,0,1,0,Stopppting sppting speaker and just did amp m
sc,15,2367,0,0,1,1,0,b,0,o,0,n,x,1,0,0,0,0,note stuck
sc,42,2367,0,0,1,4,0,f,0,o,0,x,x,3,0,0,0,0,amp only
sc,42,2367,0,0,1,4,0,f,0,o,0,x,x,3,0,0,0,0,amp only
DU,49,2367,0,0,0,6,0,f,0,h,0,a,x,2,0,0,0,0,Did harmony with us and got 6 amps while defended
Ag,42,2367,0,0,0,3,0,f,0,o,0,a,a,2,0,0,0,0,
BE,55,2367,0,0,0,0,0,x,0,x,0,x,x,3,1,0,0,0,I think they have issue w battery
sc,59,2367,0,0,0,3,0,x,0,o,0,v,x,3,0,0,0,1,
SM,69,2367,0,0,0,2,0,f,2.1,o,0,a,b,3,0,0,0,0,
BK,73,2367,0,0,0,2,1,f,0,o,0,n,x,1,0,0,0,0,
EZ,3,2473,1,0,1,0,1,s,3.8,o,0,a,x,3,1,0,1,0,
gc,11,2473,0,0,0,0,5,s,0,x,0,v,a,3,0,0,0,1,
AS,17,2473,1,0,1,0,3,s,0,x,0,v,x,4,1,0,0,1,What happened TT
AY,27,2473,0,0,1,0,5,s,0,o,0,v,x,4,0,0,0,0,
mj,40,2473,0,0,1,0,5,s,1.5,o,0,v,e,5,0,0,0,1,amazing team 10/10
BK,59,2473,0,0,1,0,8,s,0,o,0,v,x,4,0,0,0,1,
AS,5,2813,0,0,0,1,1,f,0,x,0,n,x,2,0,0,0,0,
AD,9,2813,0,0,0,3,3,b,0,x,0,a,x,3,0,0,0,1,bad auto but good teleop with amp and speaker
Mk,20,2813,0,0,0,0,2,f,0,x,0,a,g,3,0,0,0,0,
AK,35,2813,0,0,0,2,1,x,0,x,0,a,x,2,0,0,0,0,
AK,35,2813,0,0,0,2,1,x,0,x,0,a,x,2,0,0,0,0,
sc,45,2813,0,0,0,0,2,x,0,x,0,n,x,1,0,0,1,0,"controllers sweaty, shots weak bricks are many"
mj,42,2813,0,0,0,5,0,b,0,p,0,a,x,4,0,0,0,1,
sc,56,2813,0,0,0,3,1,f,0,x,0,a,x,3,0,0,0,0,"decent amp, inconsistent on speaker"
Ps,63,2813,0,0,1,3,1,s,0,p,0,a,a,3,0,0,0,0,
BK,70,2813,0,0,0,0,5,f,0,a,0,a,x,2,0,0,0,0,
HS,5,3008,0,0,0,0,0,f,0,x,0,n,a,3,1,1,1,0,tank drive and immobilized
AY,11,3008,1,0,0,0,0,f,0,o,0,a,x,3,0,0,0,0,They had pretty good ground pickup- notes rebounded
EZ,19,3008,0,0,1,0,0,f,0,x,0,n,x,2,1,0,1,0,
AK,33,3008,0,0,0,0,2,x,0,o,0,a,x,3,0,0,0,0,
Mk,37,3008,0,0,0,0,2,f,0,o,0,a,x,2,0,1,0,0,Missed almost every shot
AK,33,3008,0,0,0,0,2,x,0,o,0,a,x,3,0,0,0,0,
sc,44,3008,0,0,1,0,1,x,0,x,0,n,b,1,0,0,1,0,doodoo
sc,44,3008,0,0,1,0,1,x,0,x,0,n,b,1,0,0,1,0,doodoo
AL,56,3008,0,0,0,0,3,f,0,o,0,a,a,2,0,0,0,0,"Tank drive slows them down a bit, shooter unreliable"
AY,68,3008,0,0,0,0,0,f,0,a,0,a,a,3,0,1,0,0,couldnt score so they played defense
mj,14,3189,0,0,0,0,1,b,0,o,0,n,x,2,0,0,0,0,
AL,19,3189,0,0,0,0,1,x,0,x,0,n,a,2,0,0,0,0,Pretty inconsistent and unreliable
sc,28,3189,0,0,1,0,0,x,0,x,0,n,b,1,0,1,0,0,dont
AK,32,3189,0,0,0,0,3,x,0,p,0,a,x,3,0,0,0,0,
AK,32,3189,0,0,0,0,3,x,0,p,0,a,x,3,0,0,0,0,
Mk,50,3189,0,0,1,0,0,s,0,x,0,a,a,3,0,1,0,0,
be,57,3189,0,0,2,0,5,f,0,p,0,v,a,4,0,0,0,1,Best ground -> shooter cycles i have seen
TD,70,3189,0,0,0,0,0,s,0,p,0,a,a,3,0,1,0,0,choppy driving due to tippyness
TD,70,3189,0,0,0,0,0,s,0,p,0,a,a,3,0,1,0,0,choppy driving due to tippyness
AD,6,3256,1,0,0,0,0,x,0,o,0,a,b,4,0,0,0,0,didnt score bad defense
SB,21,3256,0,0,1,0,6,x,0,o,0,a,a,5,0,0,0,1,They kept hitting their alliance partners
DU,46,3256,0,0,2,1,1,f,0,x,0,x,x,3,1,0,0,0,Immobilized after 2 pieces like 20 secs in
SP,9,3256,1,0,0,0,1,f,7.7,a,0,a,b,2,0,0,1,0,
sc,55,3256,0,0,2,0,5,f,0,o,0,v,x,4,0,0,0,1,
mj,67,3256,0,0,2,0,5,x,7.9,h,0,a,x,3,0,0,0,1,
mj,67,3256,0,0,2,0,5,x,7.9,h,0,a,x,3,0,0,0,1,
BE,72,3256,0,0,1,0,6,x,0,s,1,v,g,4,0,0,0,1,
Mk,4,3309,0,0,0,0,0,f,0,a,0,n,a,4,0,0,1,0,Were not able to do ground pickup
mj,12,3309,0,0,1,8,0,f,0,p,0,v,x,5,0,0,0,1,specializes in amp
ps,16,3309,0,0,0,0,0,x,0,a,0,n,b,3,0,0,1,1,mech didnt function- bad at defense
TD,30,3309,0,0,0,3,0,f,0,p,0,a,x,2,0,0,0,0,
sc,27,3309,0,0,0,1,0,f,0,a,0,a,g,3,0,0,0,0,broken
AY,43,3309,1,0,0,3,0,b,0,o,0,a,x,5,0,0,0,0,bit of trouble with picp
BK,58,3309,1,0,0,5,0,f,0,p,0,a,x,2,0,0,0,0,
AY,67,3309,0,0,0,6,0,f,0,p,0,v,x,3,0,0,0,0,Only did amp
HS,18,3859,0,0,0,0,0,x,0,x,0,a,a,1,1,0,0,0,didnt move the whole game
sc,11,3859,0,0,1,1,3,f,0,a,0,a,x,2,0,0,0,0,
sc,29,3859,0,0,1,0,3,f,0,o,0,n,x,3,0,0,1,0,cant amp
EZ,36,3859,0,0,0,0,1,f,0,x,0,a,a,3,0,0,1,0,defense is not great
AS,50,3859,0,0,1,0,4,x,0,x,0,v,x,3,1,0,0,0,"Immobilized towards end, during match was mostly reliab"
SP,45,3859,0,0,1,0,3,x,0,a,0,a,a,3,0,0,0,1,
AL,58,3859,0,0,1,0,4,f,0,x,0,v,g,3,0,0,0,1,"Shooter is pretty good, nice ground intake"
SP,45,3859,0,0,1,0,3,x,0,a,0,a,a,3,0,0,0,1,
AY,65,3859,0,0,0,0,5,s,0,a,0,v,x,5,0,0,0,1,
BE,71,3859,0,0,1,0,5,f,0,o,0,a,g,4,0,0,0,0,Bullied other robots out of source
Mk,3,4990,0,0,0,1,0,s,0,a,0,a,a,2,0,0,0,0,Notes got stuck in amp and on bot easily
Ps,10,4990,0,0,0,4,0,b,0,o,0,a,b,1,0,0,1,0,
mj,15,4990,1,0,0,2,0,b,1.2,o,0,n,x,3,0,0,0,0,
SB,23,4990,0,0,0,1,0,f,35.5,o,0,a,x,2,0,0,0,1,Amp only would be good for us I think
HS,34,4990,0,0,0,3,1,x,0,a,0,x,x,3,0,0,0,0,mech didnt function??
HS,37,4990,0,0,0,2,0,x,0,o,0,n,a,3,0,0,0,0,didnt understand that strategy lol
Ag,52,4990,0,0,0,1,0,x,0,o,0,n,x,3,1,0,0,0,
AD,64,4990,0,0,0,0,0,x,0,p,0,n,x,2,0,0,0,0,
EZ,2,5026,1,0,0,0,1,f,0,p,0,a,a,3,0,0,0,0,didnt really score anything
gc,14,5026,0,0,0,0,3,s,0,x,0,a,x,3,0,0,0,1,"good at shooting, doesnt really miss but not often"
AD,22,5026,0,0,1,0,6,f,0,x,0,a,x,4,0,0,0,1,
sc,34,5026,0,0,1,0,5,f,0,x,0,n,x,3,0,0,0,0,fast but bricking
EZ,37,5026,1,0,1,0,3,f,0,p,0,a,a,4,0,0,0,1,"pretty consistent, no chain tho"
sc,34,5026,0,0,1,0,5,f,0,x,0,n,x,3,0,0,0,0,fast but bricking
AS,51,5026,0,0,2,0,5,f,0,x,0,v,x,4,1,0,0,0,"Stuck on edge towards end, idk why"
AD,67,5026,0,0,1,0,4,f,0,x,0,a,a,2,0,1,1,0,
DU,77,5026,0,0,1,0,2,b,0,x,0,n,a,3,1,0,1,0,
AL,5,5027,0,0,0,0,0,x,0,x,0,a,g,2,1,0,0,0,"Shooter broke, immobilized "
Ps,8,5027,1,0,0,0,0,x,0,x,0,x,x,1,1,0,0,0,
Mk,16,5027,0,0,0,0,0,x,0,x,0,a,g,2,0,0,0,0,
EZ,34,5027,0,0,0,0,0,x,0,x,0,x,x,1,1,0,0,0,didnt move at all
mj,28,5027,0,0,0,0,0,x,0,x,0,n,b,1,1,0,0,0,
HS,39,5027,0,0,0,0,0,x,0,x,0,v,e,5,0,0,0,0,ferry bot for the most part
SB,49,5027,0,0,0,0,0,x,0,p,0,v,e,3,0,0,0,0,Only had defense but really good defense 
HS,53,5027,0,0,0,0,0,x,0,x,0,n,b,3,0,0,0,0,ferry/defense bot- didnt do either well
sc,58,5027,0,0,0,0,0,x,0,x,0,n,a,3,0,0,0,0,"nomech, brokey"
SB,64,5027,0,0,0,0,0,x,0,p,0,n,b,5,0,0,0,0,They had really bad defence and no points
SB,49,5027,0,0,0,0,0,x,0,p,0,v,e,3,0,0,0,0,Only had defense but really good defense 
AS,1,5104,0,0,1,0,7,b,2.6,o,0,v,x,4,0,0,0,0,
SB,9,5104,0,0,0,0,4,x,0,p,0,a,x,3,0,0,0,1,They were good
EZ,20,5104,1,0,2,0,1,f,15.7,a,0,a,x,3,0,0,1,0,
AY,28,5104,1,0,1,3,0,f,0,o,0,v,x,4,0,0,0,1,
AD,33,5104,0,0,1,0,5,b,8.2,o,0,a,a,3,0,0,0,1,
mj,33,5104,0,0,1,0,2,b,3,o,0,v,a,4,0,0,0,1,
mj,33,5104,0,0,1,0,2,b,3,o,0,v,a,4,0,0,0,1,
HS,36,5104,1,0,0,0,2,x,0,a,0,n,a,3,0,0,0,0,missed a ton of shots to speaker
AD,33,5104,0,0,1,0,5,b,8.2,o,0,a,a,3,0,0,0,1,
mj,33,5104,0,0,1,0,2,b,3,o,0,v,a,4,0,0,0,1,
SN,44,5104,0,0,1,3,0,f,0,x,0,a,x,3,0,0,1,0,struggles to shoot in amp
Ag,44,5104,0,0,2,2,1,x,0,x,0,n,x,3,0,0,1,0,
Ag,54,5104,1,0,0,0,1,f,0,a,0,a,g,3,0,0,0,0,had trouble with scoring and switched to defence
AS,59,5104,0,0,1,0,3,f,0,o,0,a,x,2,0,0,0,0,
AL,64,5104,0,0,0,0,3,x,0,x,0,a,x,3,0,0,0,0,
TD,71,5104,0,0,0,0,4,f,0,s,0,v,e,5,0,0,0,0,"dropped one note, didn't get correct data for auto"
AD,7,6238,0,0,0,0,5,f,0,x,0,a,x,3,0,0,0,1,pretty fast but accuracy isnt great
EZ,35,6238,1,0,1,0,2,f,0,x,0,a,x,3,1,0,1,0,
TD,40,6238,0,0,0,0,1,f,0,p,0,a,x,2,0,0,1,0,
SB,48,6238,0,0,0,0,1,f,0,p,0,n,a,2,0,0,0,0,Aiming too high on speaker
SB,48,6238,0,0,0,0,1,f,0,p,0,n,a,2,0,0,0,0,Aiming too high on speaker
DU,64,6238,0,0,0,2,0,f,0,p,0,a,a,3,0,0,0,0,
DU,60,6238,0,0,1,0,0,f,0,x,0,n,a,2,0,0,0,0,
SB,74,6238,0,0,0,0,4,f,0,x,0,a,x,1,0,0,0,0,Slow and no auto
HS,3,6348,0,0,0,0,0,s,0,x,0,a,b,1,1,0,0,0,immobilized randomly- missed shots often
mj,13,6348,0,0,0,2,0,s,0,x,0,n,x,3,0,0,0,0,
AD,21,6348,0,0,0,1,0,s,0,p,0,x,a,3,0,0,0,0,
TD,28,6348,0,0,0,1,0,s,0,p,0,a,x,2,0,0,1,0,amp mech is very unreliable 
EZ,33,6348,1,0,1,0,1,s,0,p,0,a,x,3,0,0,1,0,pretty bad with shooting
Mk,39,6348,0,0,1,0,2,s,0,x,0,a,x,2,0,0,1,0,
AL,55,6348,0,0,0,0,0,s,0,x,0,a,g,4,0,0,0,0,This robot focused on passing notes to teams.
EZ,68,6348,1,0,0,2,1,s,0,x,0,a,x,3,0,0,1,0,some amp
TD,11,6884,0,0,0,0,0,f,0,o,0,n,a,2,0,0,0,0,
DU,25,6884,0,0,0,0,0,x,0,x,0,x,x,3,1,0,0,0,Died after auto
AK,38,6884,0,0,0,0,0,x,0,p,0,a,g,3,0,0,0,0,
HS,1,6884,0,0,0,0,0,f,0,a,0,v,g,3,0,0,0,0,Mech didn't work???
AD,48,6884,0,0,0,0,0,x,0,x,0,a,a,3,0,0,0,0,didnt score but decent defense. however gave 15 in pena
AS,53,6884,0,0,0,0,0,x,0,x,0,n,b,2,1,0,0,0,
AD,62,6884,0,0,0,0,0,x,0,p,0,n,b,1,0,0,0,0,bad
BE,70,6884,0,1,0,0,0,s,0,x,1,a,g,3,0,0,0,0,Note was stuck in intake
AD,76,6884,0,0,0,0,0,x,0,p,0,n,b,2,0,0,0,0,
TD,14,6918,0,0,0,0,0,f,0,o,0,a,x,3,0,0,0,0,delivered notes for ground pickup
AS,20,6918,0,0,0,0,0,x,0,x,0,n,x,2,0,0,0,0,Ferry bot no functionality
mj,27,6918,0,0,0,0,0,x,0,x,0,n,a,1,0,0,0,0,
HS,32,6918,0,0,0,0,0,x,0,x,0,a,g,1,0,0,0,0,passed notes from source to the subwoofer- no scoring
sc,43,6918,0,0,0,0,0,x,0,a,0,n,b,1,0,0,0,0,dingdong
sc,43,6918,0,0,0,0,0,x,0,a,0,n,b,1,0,0,0,0,dingdong
HS,51,6918,0,0,0,0,0,x,0,x,0,v,a,3,0,0,0,0,ferry bot
Ag,43,6918,0,0,1,3,0,x,0,a,0,x,x,3,0,0,0,1,
sc,57,6918,0,0,0,0,0,f,0,x,0,x,g,4,0,0,0,0,no worky worky
gc,15,7413,0,0,1,0,4,f,4.3,s,0,n,x,2,0,1,0,0,misses some of shots
SB,22,7413,0,0,0,0,3,f,0,a,0,a,x,4,0,0,0,0,"No auto, no chain, but tele op is ok"
sc,33,7413,0,0,1,0,3,f,0,o,0,a,x,2,0,0,0,0,not fast
Mk,38,7413,0,0,1,0,2,f,0,x,0,n,x,2,0,0,1,0,
gc,15,7413,0,0,1,0,4,f,4.3,s,0,n,x,2,0,1,0,0,misses some of shots
AD,49,7413,0,0,0,0,5,f,0,x,0,a,x,3,0,0,0,1,
BK,56,7413,0,0,0,0,6,f,0,a,0,n,x,1,0,0,0,0,
EZ,65,7413,0,0,0,0,1,f,0,p,0,a,x,2,0,1,1,0,not super effective
HS,2,7419,0,0,0,0,5,f,0,x,0,v,a,4,0,0,1,1,
AL,16,7419,0,0,0,0,5,f,0,p,0,a,g,3,0,0,0,0,Missed quite a few for speaker 
AY,44,7419,0,0,0,0,8,b,0,x,0,v,x,5,0,0,0,1,
HS,54,7419,0,0,0,0,4,f,0,x,0,n,a,3,0,0,0,0,terrible intake system literally spent a minute
TD,67,7419,0,0,0,0,1,f,0,p,0,n,x,2,0,0,1,0,
EZ,5,8048,0,0,0,0,1,f,3.1,s,0,a,x,4,0,0,1,0,inconsistent
AY,12,8048,0,0,1,0,4,b,0,s,0,v,x,4,0,0,0,1,Pretty accurate scoring
Mk,18,8048,0,0,1,0,3,f,0,o,0,a,b,3,0,0,0,0,
AD,24,8048,1,0,0,0,2,f,0,o,0,n,x,2,0,0,0,0,
gc,41,8048,0,0,1,0,0,x,0,x,0,n,x,1,1,0,0,0,did not move at all in teleop
sc,48,8048,0,0,1,0,1,f,0,o,0,n,x,1,0,0,1,0,shooter took weak
AS,52,8048,0,0,2,0,6,f,0,x,0,a,x,3,0,0,0,0,Ngl I didnt pay attention I was watching our bot
mg,62,8048,0,0,0,0,6,f,0,s,0,v,x,4,0,0,0,0,
Mk,2,8404,1,0,1,0,0,b,0,p,0,a,g,3,0,0,0,0,
AL,20,8404,0,1,0,0,0,x,0,p,0,n,g,3,0,0,0,0,"Note got stuck on robot,could not score after"
mj,29,8404,0,0,2,0,0,x,0,x,0,n,b,1,1,0,0,0,
DU,48,8404,0,0,3,2,2,f,0,x,0,n,x,3,0,0,0,0,Note gets stuck in outtake sometimes
AK,1,8546,0,0,0,0,0,x,0,x,0,x,x,1,1,0,0,0,
AK,17,8546,0,1,0,0,0,x,0,x,0,x,x,3,0,0,0,0,
sc,14,8546,0,0,0,1,0,f,0,x,0,n,g,1,0,0,0,0,slow defender
AY,26,8546,0,0,0,0,0,x,0,x,0,a,a,3,1,0,0,0,
mj,31,8546,0,0,0,0,0,x,0,x,0,n,b,1,0,0,0,0,
TD,41,8546,0,0,0,0,0,f,0,p,0,a,b,3,0,0,0,0,
BE,45,8546,0,0,0,0,0,x,0,x,0,a,g,3,0,0,0,0,Intake not connected
mj,31,8546,0,0,0,0,0,x,0,x,0,n,b,1,0,0,0,0,
be,56,8546,0,0,0,0,0,x,0,x,0,x,x,3,1,0,0,0,Also just didnt move
mj,69,8546,0,0,0,0,0,x,0,x,0,n,b,1,0,0,0,0,
BK,74,8546,0,0,0,0,0,x,0,o,0,n,g,2,0,0,0,0,Just defense.
AD,10,9114,0,0,0,0,2,f,0,o,0,a,x,4,0,0,0,1,seemed good but note stuck in intake then couldnt score
AK,16,9114,0,0,1,0,0,x,0,a,0,a,g,2,0,0,0,0,
TD,26,9114,0,0,0,0,1,f,7.4,o,0,a,g,2,0,0,1,0,
mj,32,9114,0,0,0,0,0,f,0,a,0,x,b,3,0,0,0,0,
BE,47,9114,0,0,2,2,4,b,0,p,1,a,a,3,0,0,0,0,I didnt see anythjng
mj,41,9114,0,0,1,0,5,b,1.3,o,0,v,x,5,0,0,0,1,
mj,32,9114,0,0,0,0,0,f,0,a,0,x,b,3,0,0,0,0,
SP,7,9114,0,0,0,0,1,f,0,a,0,n,b,2,1,0,1,0,
ak,59,9114,0,0,1,0,2,f,0,x,0,x,x,3,0,0,0,0,
mj,65,9114,0,0,0,0,2,f,3.2,a,0,n,b,2,1,0,0,0,
AK,2,9125,1,0,0,0,2,f,3,x,0,a,x,2,0,0,0,0,
SB,8,9125,1,0,1,0,0,x,45,o,0,n,x,4,0,0,0,0,I think they were chain only except for 1 auto speaker
TD,27,9125,0,0,0,0,5,f,0,a,0,a,x,2,0,0,1,0,
Mk,35,9125,0,0,0,0,0,x,0,o,0,a,g,2,0,0,0,0,
Ag,41,9125,0,0,0,0,4,f,0,x,0,n,a,2,0,0,1,0,
sc,41,9125,0,0,0,0,1,x,0,a,0,n,x,1,0,0,1,0,doodoo
Mk,52,9125,0,0,0,0,1,f,0,x,0,x,x,3,1,0,0,0,
Ag,41,9125,0,0,0,0,4,f,0,x,0,n,a,2,0,0,1,0,
DU,61,9125,0,0,0,0,3,f,0,p,0,a,x,1,0,0,0,0,
BE,73,9125,0,0,1,0,4,b,0,o,0,a,a,3,0,0,0,0,
DU,7,9470,0,0,1,0,5,x,0,a,0,a,g,4,0,0,0,0,Missed shots they didn’t take from the center.
AS,18,9470,0,0,1,0,4,f,0,x,0,n,x,2,1,0,0,0,Was scoring well but drive became clunky
EZ,32,9470,0,0,0,0,2,f,0,p,0,a,x,2,0,0,1,0,"pretty jerky drive, consistent shooting"
AK,37,9470,0,0,2,0,0,x,0,x,0,a,a,3,0,0,0,0,
BE,46,9470,0,0,2,2,4,b,0,x,1,a,b,4,0,1,0,0,
AD,60,9470,0,0,2,0,3,f,0,x,0,a,x,3,0,0,0,0,struggled to pick up but pretty good bot if fixed
mj,66,9470,0,0,0,0,2,f,0,x,0,n,x,2,1,0,0,0,
BK,72,9470,0,0,0,0,3,f,0,a,0,n,x,2,0,1,0,0,
Ps,7,9504,0,0,0,1,0,s,0,o,0,a,b,2,0,0,0,0,
EZ,17,9504,0,0,1,0,3,s,0,p,0,a,x,3,0,0,1,1,a little slow but consistent shooting
DU,23,9504,0,0,1,0,0,s,0,x,0,n,x,2,0,0,0,0,Was shuttling rings for team. Tank drive slow lineup.
BE,31,9504,0,0,0,0,2,s,0,p,1,n,b,3,0,1,0,0,Drivers kept pausing and shifting back and forth
AD,42,9504,0,0,0,0,3,s,0,x,0,n,x,2,0,0,1,0,
sc,46,9504,0,0,1,0,1,s,0,x,0,n,x,1,0,0,1,0,low source tolerance
SP,10,9504,0,0,0,0,3,s,0,x,0,n,b,2,0,0,0,0,
AS,58,9504,0,0,0,0,0,x,0,x,0,n,x,2,0,0,0,0,
